Cartella;Istanza;Clienti;Tempo_Min_Intera_Run;Tempo_Medio_Intera_Run;Best_Costo_Assoluto;Metodo_Best_Costo;Costo_Medio_dei_Best_delle_Run;TempoMedio_G1_Neigh1_Insertion;BestCosto_G1_Neigh1_Insertion;TempoMedio_G1_Neigh2_OrOpt;BestCosto_G1_Neigh2_OrOpt;TempoMedio_G1_Neigh3_Swap;BestCosto_G1_Neigh3_Swap;TempoMedio_G2_Neigh1_Insertion;BestCosto_G2_Neigh1_Insertion;TempoMedio_G2_Neigh2_OrOpt;BestCosto_G2_Neigh2_OrOpt;TempoMedio_G2_Neigh3_Swap;BestCosto_G2_Neigh3_Swap;TempoMedio_GRASP_G1;BestCosto_GRASP_G1;TempoMedio_GRASP_G2;BestCosto_GRASP_G2;TempoMedio_Greedy_1;BestCosto_Greedy_1;TempoMedio_Greedy_2;BestCosto_Greedy_2;TempoMedio_Memetic_Algorithm;BestCosto_Memetic_Algorithm;TempoMedio_SA1_on_Neigh1;BestCosto_SA1_on_Neigh1;TempoMedio_SA1_on_Neigh2;BestCosto_SA1_on_Neigh2;TempoMedio_SA1_on_Neigh3;BestCosto_SA1_on_Neigh3;TempoMedio_SA2_on_Neigh1;BestCosto_SA2_on_Neigh1;TempoMedio_SA2_on_Neigh2;BestCosto_SA2_on_Neigh2;TempoMedio_SA2_on_Neigh3;BestCosto_SA2_on_Neigh3;TempoMedio_Tabu_G1;BestCosto_Tabu_G1;TempoMedio_Tabu_G2;BestCosto_Tabu_G2;TempoMedio_VNS_G1;BestCosto_VNS_G1;TempoMedio_VNS_G2;BestCosto_VNS_G2
n100;C101.txt;100;291.6738746166229;292.80525549252826;827.299999999998;GRASP_G1;827.2999999999985;0.14936057726542154;927.0000000000003;0.0016889572143554688;1931.5000000000002;0.0007166067759195963;1931.5000000000002;0.14623657862345377;1067.6000000000006;0.0014282067616780598;1721.9;0.0006128946940104166;1721.9;60.214626232783;827.299999999998;56.60125231742859;827.2999999999992;0.0038071473439534507;1931.5000000000002;0.9087401231129965;1721.9;37.0221745967865;827.2999999999997;2.922140916188558;865.7;2.9714443683624268;1931.5000000000002;3.1704747676849365;1015.4000000000001;2.988925298055013;1004.0;3.1500991185506186;860.1000000000001;3.1425313154856362;1067.6;60.010127464930214;827.3000000000004;58.55646896362305;860.1000000000007;0.39075231552124023;927.0;0.45161914825439453;1067.6
n100;C104.txt;100;361.1760137081146;362.3616586526235;823.8999999999997;Memetic_Algorithm;825.6333333333332;0.6751783688863119;1195.000000000001;0.02213605244954427;1673.4999999999998;0.01627492904663086;1679.0000000000002;0.4096488157908122;1066.0000000000002;0.003746668497721354;1718.9;0.0037101109822591147;1717.8;60.50854198137919;897.2000000000011;60.48737692832947;925.6999999999983;0.005065441131591797;1699.9;1.325130780537923;1722.0;60.439015785853066;823.8999999999997;9.556986014048258;1195.0;9.308443705240885;1163.3000000000002;9.27750539779663;1041.6;8.260997772216797;1062.8999999999999;8.709490378697714;1025.5;10.297896226247152;1035.3999999999999;60.01001731554667;1130.8000000000006;60.01576805114746;1021.3;1.3064895470937092;1192.4;1.7221895853678386;1049.4999999999998
n100;C108.txt;100;306.2443919181824;313.2649241288503;827.2999999999988;GRASP_G2;827.2999999999993;0.29903483390808105;1208.8999999999996;0.003297567367553711;2099.6000000000004;0.0024596055348714194;2098.2;0.2718048890431722;1097.5000000000005;0.0015575091044108074;1728.1;0.0016255378723144531;1727.6;60.34153175354004;827.3000000000005;60.12401111920675;827.2999999999988;0.004904270172119141;2101.0;1.0293883482615154;1728.1;46.839377323786415;827.2999999999992;3.701568365097046;1208.8999999999996;3.790004014968872;1144.2;3.8624255657196045;1111.0;3.9032012621561685;1028.8999999999999;3.912102222442627;1099.6;3.8912765979766846;972.3;60.01002645492554;1131.5999999999997;60.007543404897056;957.4000000000007;0.647181510925293;1208.8999999999996;0.620573361714681;1064.9000000000003
n100;C201.txt;100;447.477735042572;451.9704116185506;589.0999999999997;Memetic_Algorithm;589.0999999999997;0.5685404141743978;809.2999999999998;0.006443500518798828;1877.2999999999997;0.0024117628733317056;1877.2999999999997;0.36897047360738117;853.8999999999991;0.0020917256673177085;1634.4;0.0008822282155354818;1634.4;60.309653520584106;713.1999999999983;60.43619624773661;707.3000000000009;0.004355907440185547;1877.2999999999997;0.9241183598836263;1634.4;180.23878439267477;589.0999999999997;4.326788266499837;766.2;4.441923300425212;809.3000000000001;4.768021583557129;809.3000000000001;4.54898730913798;788.5;4.187923590342204;853.9;4.63178563117981;788.5;60.027668952941895;774.4999999999999;60.02987798055013;853.8999999999991;1.1570545832316081;809.2999999999998;0.9879028002421061;788.4999999999999
n100;C204.txt;100;800.5130577087402;813.3297116756439;588.0999999999997;Memetic_Algorithm;592.233333333333;1.9503342310587566;966.4999999999993;0.10525973637898763;1429.2000000000003;0.04975128173828125;1426.1000000000001;1.2040011088053386;846.8999999999993;0.008936643600463867;1634.0;0.008514881134033203;1631.6999999999998;61.89100790023804;728.0000000000003;60.98876015345255;687.5999999999988;0.0038235982259114585;1443.4;1.3912649154663086;1657.0;308.7467717329661;588.0999999999997;43.22158646583557;926.0;55.39044547080994;782.5;35.34858616193136;804.7;30.779651085535686;748.9000000000001;39.14117431640625;728.9;32.15379079182943;841.1999999999999;60.0718580087026;891.5999999999996;60.02592523892721;839.3999999999991;16.54733657836914;909.6000000000001;4.300901969273885;785.1999999999999
n100;C208.txt;100;533.9602959156036;539.0491131941477;585.7999999999995;Memetic_Algorithm;585.7999999999995;1.1025172869364421;929.5999999999997;0.052338759104410805;1135.6;0.042952378590901695;1124.3;0.9243458112080892;784.1999999999987;0.004116535186767578;1635.0;0.0017731189727783203;1635.0;61.45161771774292;756.5999999999999;61.60155908266703;723.9000000000009;0.004891633987426758;1142.4999999999998;1.164711554845174;1635.0;238.637855052948;585.7999999999995;7.148796717325847;856.3;10.651960055033365;860.0;9.077529191970825;869.4;6.11982528368632;784.1999999999987;7.217498381932576;783.8999999999999;7.7270348072052;784.1999999999999;60.07664179801941;874.6999999999997;60.02629152933756;783.9999999999989;3.751075029373169;895.4999999999998;2.263747215270996;784.1999999999987
n100;R101.txt;100;247.62129282951355;255.52809945742288;1695.5;Memetic_Algorithm;1721.3999999999996;0.05646618207295736;1911.200000000001;0.0009063879648844401;2215.8999999999996;0.00042096773783365887;2215.8999999999996;0.05184618631998698;1824.5;0.0008452733357747396;1885.8;0.00039704640706380207;1885.8;38.451643228530884;1766.6000000000013;49.1565728187561;1768.9000000000012;0.015151103337605795;2215.8999999999996;0.7551984786987305;1885.8;26.774819533030193;1695.5;3.034142096837362;1911.200000000001;3.2861227989196777;2215.8999999999996;3.316789229710897;1890.6000000000001;3.2319466272989907;1824.5;3.2310667832692466;1885.8;3.247391859690348;1885.8;60.01517097155253;1890.600000000001;60.008723656336464;1757.0;0.4567931493123372;1911.200000000001;0.4356559117635091;1824.5
n100;R104.txt;100;346.19084572792053;349.17690841356915;1027.3999999999996;Memetic_Algorithm;1032.3333333333328;0.5088090101877848;1155.0000000000011;0.009127298990885416;1495.1999999999998;0.01087037722269694;1477.1999999999998;0.4927679697672526;1138.8000000000002;0.002147118250528971;1591.2;0.001224835713704427;1591.2;60.189016024271645;1061.799999999999;60.244641383488975;1071.8;0.0033429463704427085;1514.1999999999998;1.1696353753407795;1591.2;64.82896415392558;1027.3999999999996;6.586308876673381;1155.0;6.958855311075847;1130.1;7.0981645584106445;1114.3000000000002;6.001986821492513;1136.6;6.081822633743286;1129.6999999999998;6.6791510581970215;1131.5;60.02181283632914;1153.7000000000014;60.02366805076599;1117.5;1.1389026641845703;1154.9999999999998;1.1256615320841472;1132.4999999999998
n100;R108.txt;100;355.82855677604675;358.05518023173016;975.0;Memetic_Algorithm;977.4999999999997;0.782374382019043;1076.4000000000003;0.018249909083048504;1472.0999999999997;0.009776433308919271;1478.1999999999998;0.6327846844991049;1020.0999999999999;0.0020445982615152993;1608.5;0.0011679331461588542;1608.5;60.483685652414955;1005.0999999999996;60.35918013254801;1020.0999999999999;0.0043926239013671875;1500.6;1.2610351244608562;1608.5;69.07039459546407;975.0;6.432762463887532;1074.8000000000002;7.3278664747873945;1088.5;6.774950663248698;1130.3;7.092081546783447;1020.0999999999999;7.886123577753703;1022.8000000000001;7.468567609786987;1020.0999999999999;60.02222752571106;1056.2000000000003;60.02134974797567;1006.3999999999997;1.381401538848877;1032.8999999999996;1.022734562555949;1018.7999999999998
n100;R201.txt;100;348.63686442375183;371.66606307029724;1167.1999999999998;Memetic_Algorithm;1184.0999999999997;0.5504719416300455;1402.3000000000006;0.010750850041707357;1944.8;0.006590366363525391;1948.6000000000001;0.36256980895996094;1314.8999999999999;0.001420736312866211;1656.8;0.0011806488037109375;1649.6;60.3138100306193;1259.7000000000007;60.38656481107076;1246.300000000001;0.004481077194213867;1980.1000000000001;1.0630624294281006;1656.8;95.15717260042827;1167.1999999999998;5.400596936543782;1400.9;5.965962489446004;1414.4;6.148129304250081;1344.3;4.7032084465026855;1289.7;4.732611338297526;1314.9;4.64618460337321;1649.6;60.03544569015503;1396.5000000000007;60.017136017481484;1314.8999999999999;1.3979364236195881;1402.3;0.7607473532358805;1314.8999999999999
n100;R204.txt;100;807.592741727829;844.9681581656138;749.9999999999998;Memetic_Algorithm;766.1999999999998;1.5189499855041504;981.0000000000019;0.03549043337504069;1366.3;0.03863843282063802;1367.0;1.1146280765533447;916.0999999999995;0.004817962646484375;1601.0;0.001649300257364909;1601.5;63.727199951807656;787.9000000000001;62.160007317860924;821.4000000000005;0.004523754119873047;1376.4;1.5764098167419434;1601.5;312.240047454834;749.9999999999998;52.54629246393839;843.4;52.407243172327675;1366.3;42.73932361602783;910.4;37.21371730168661;876.1;43.438888470331825;901.9000000000001;42.69462037086487;852.3000000000001;60.04064973195394;972.700000000002;60.021178801854454;914.4999999999993;7.229933261871338;923.0999999999999;4.213906923929851;914.5
n100;R208.txt;100;1012.6420652866364;1171.5319619178772;723.8999999999997;Memetic_Algorithm;732.933333333333;3.0930240154266357;868.3999999999997;0.277224063873291;1063.3000000000002;0.15694085756937662;1069.0;0.9820922215779623;923.3999999999996;0.0024385452270507812;1586.4;0.0015088717142740886;1586.4;63.70115327835083;798.8999999999996;65.20934041341145;789.9000000000009;0.004158894220987956;1100.1000000000001;1.4502490361531575;1586.4;524.9621390501658;723.8999999999997;76.29870208104451;782.9;67.87726203600566;832.1;66.24755462010701;777.5;51.66114377975464;847.4999999999999;51.12116781870524;881.1000000000001;48.403915325800575;890.4999999999999;60.13519914944967;860.1999999999995;60.02433204650879;922.0999999999997;23.604877869288128;797.0;6.31750734647115;881.8
n100;RC101.txt;100;271.78992223739624;281.5317114194234;1697.5999999999997;Memetic_Algorithm;1705.9333333333327;0.2475268840789795;1786.099999999999;0.001828591028849284;2598.1999999999994;0.0015201568603515625;2590.6999999999994;0.14489205678304037;1813.6999999999991;0.0014142195383707683;2121.1;0.0013310909271240234;2116.5;52.45966815948486;1761.3999999999999;54.71436802546183;1772.9;0.006544748942057292;2606.4999999999995;0.82870880762736;2123.1;33.45196342468262;1697.5999999999997;2.9141412576039634;1786.099999999999;3.239617427190145;2598.1999999999994;3.1819799741109214;2001.4999999999998;3.002798557281494;1813.6999999999991;3.2796552975972495;1809.8000000000002;3.147644837697347;2116.5;60.00818705558777;1772.999999999999;60.009810050328575;1713.099999999999;0.46073397000630695;1786.099999999999;0.4273499647776286;1813.6999999999991
n100;RC104.txt;100;329.3103837966919;339.77276555697125;1159.9999999999998;Memetic_Algorithm;1198.2666666666664;0.3555467128753662;1428.5999999999997;0.0136717160542806;1732.6;0.012494961420694986;1739.7999999999997;0.2979559898376465;1390.8000000000004;0.0024391810099283853;1841.7;0.002126455307006836;1838.8;60.424274921417236;1247.3000000000004;60.496349811553955;1230.7000000000005;0.0047266483306884766;1754.6999999999998;1.1674141883850098;1841.7;63.140122969945274;1159.9999999999998;5.27160890897115;1428.5999999999997;5.795823812484741;1417.1000000000001;5.159156322479248;1739.7999999999997;5.084016799926758;1332.0000000000005;5.358951171239217;1389.7000000000003;5.127531846364339;1358.1000000000001;60.0166650613149;1383.8999999999994;60.01868732770284;1349.9;0.9735031922658285;1428.5999999999997;1.0496691862742107;1386.3000000000004
n100;RC108.txt;100;316.36275815963745;321.4611192544301;1169.1;Memetic_Algorithm;1187.6999999999998;0.4041750431060791;1380.9999999999998;0.0097657839457194;1772.3;0.008481979370117188;1762.1;0.32157063484191895;1428.8;0.00843032201131185;1822.5000000000002;0.005134264628092448;1842.9000000000003;60.57761947313944;1246.999999999999;60.17298452059428;1245.1000000000013;0.005408922831217448;1789.2;0.9941557248433431;1852.2;49.75882816314697;1169.1;4.375101963678996;1380.9999999999998;4.593765020370483;1354.3999999999999;4.535775105158488;1397.6999999999998;4.5915671189626055;1428.8;4.534288247426351;1377.1000000000001;4.438896417617798;1389.9000000000003;60.0131094455719;1354.3999999999996;60.02088324228922;1365.1000000000001;0.797582228978475;1372.7999999999997;1.2935632069905598;1302.2000000000003
n100;RC201.txt;100;345.2806510925293;351.18692541122437;1286.5;Memetic_Algorithm;1296.1333333333332;0.5744722684224447;1698.099999999997;0.0032900174458821616;2462.7000000000003;0.004976669947306315;2453.9;0.43613767623901367;1451.4999999999998;0.0013908545176188152;1919.6;0.0007486343383789062;1919.6;60.71565127372742;1432.2999999999993;60.22193614641825;1421.5000000000002;0.004603068033854167;2463.9;0.9150922298431396;1919.6;79.85027591387431;1286.5;4.429759502410889;1694.8;4.555365165074666;2462.7000000000003;4.800537983576457;1539.2;4.096206347147624;1451.4999999999998;4.1978286902109785;1501.2999999999997;4.063417116800944;1539.2;60.03405809402466;1662.4999999999968;60.021244764328;1433.9;1.5526459217071533;1603.8999999999999;0.7072528203328451;1451.4999999999998
n100;RC204.txt;100;684.00363945961;746.0739764372507;812.6999999999997;Memetic_Algorithm;827.9999999999999;1.5174815654754639;1006.6999999999991;0.09846075375874837;1347.8000000000002;0.060318708419799805;1345.6;1.009702205657959;973.6999999999999;0.00892202059427897;1817.9;0.006575345993041992;1815.8;61.24171551068624;908.0000000000007;61.6792520682017;927.3999999999996;0.005158265431722005;1357.4;1.2496008078257244;1824.3;293.09718139966327;812.6999999999997;32.617353995641075;989.6;29.965224424997967;945.1;35.52031191190084;993.1;33.2069890499115;910.7000000000002;34.23233977953593;973.6999999999999;30.275733470916748;872.8;60.02707974116007;956.9000000000033;60.0333739121755;973.6999999999999;5.817620595296224;950.5;4.403550942738851;927.2000000000002
n100;RC208.txt;100;522.8213355541229;576.1858042081197;802.6999999999998;Memetic_Algorithm;837.1666666666662;2.2678000132242837;935.2000000000016;0.07751321792602539;1357.7;0.11211323738098145;1354.6000000000004;0.8296430110931396;941.0000000000008;0.003350416819254557;1797.0;0.001939853032430013;1797.0;62.09739096959432;875.4999999999989;61.62907187143961;914.1999999999987;0.004564364751180013;1391.5;1.184158484141032;1797.0;210.98880004882812;802.6999999999998;19.931009769439697;870.4999999999999;18.321784416834515;936.9999999999999;20.231080293655396;958.9;19.866880019505818;941.0;15.708471536636353;908.3999999999999;14.24874496459961;934.0;60.02438775698344;934.3000000000018;60.006425062815346;941.0000000000008;5.573415756225586;933.4999999999999;3.0772248903910318;900.0000000000002
n25;C101.txt;25;37.32740092277527;69.42634375890096;191.2999999999998;GRASP_G2;191.29999999999984;0.011000871658325195;231.80000000000013;0.00027171770731608075;369.5;0.0001319249471028646;369.5;0.036351680755615234;255.30000000000007;3.918011983235677e-05;1130.4;0.00020805994669596353;1130.4;2.685007651646932;191.29999999999998;5.526171286900838;191.2999999999998;0.0009224414825439453;369.5;0.0008052190144856771;1130.4;10.745214700698853;191.29999999999987;0.8018295764923096;191.3;0.8368531068166097;191.3;0.799647331237793;191.3;1.5349669456481934;191.3;1.523607889811198;191.3;1.8252506256103516;191.3;18.6152081489563;231.80000000000013;24.21500547726949;191.30000000000013;0.1542996565500895;222.49999999999997;0.11351982752482097;221.40000000000006
n25;C104.txt;25;62.9304404258728;68.86844491958618;186.89999999999992;GRASP_G1;186.89999999999995;0.03191113471984863;280.7000000000003;0.001882791519165039;360.70000000000005;0.0020926793416341147;360.0;0.03976869583129883;290.3999999999999;2.2331873575846355e-05;1130.4;9.854634602864583e-05;1130.4;7.8199083010355634;186.89999999999992;5.936812559763591;190.0;0.0007120768229166666;367.20000000000005;0.00039084752400716144;1130.4;10.057458957036337;186.89999999999995;3.9546480973561606;190.3;3.898777723312378;186.89999999999998;3.6216911474863687;190.3;2.3139466444651284;190.3;2.121839920679728;190.3;1.9686799049377441;186.90000000000003;15.801457246144613;275.6000000000005;10.903876781463623;288.9999999999999;0.23171353340148926;223.5;0.16072821617126465;222.09999999999997
n25;C108.txt;25;45.38257384300232;46.2799498240153;191.29999999999978;GRASP_G2;191.29999999999987;0.012960433959960938;216.80000000000007;0.0004937648773193359;353.20000000000005;0.00035421053568522137;352.6;0.01966555913289388;224.1000000000003;1.899401346842448e-05;1130.4;9.711583455403645e-05;1130.4;3.0161460240681968;191.29999999999993;3.0530646642049155;191.29999999999978;0.0010770161946614583;353.20000000000005;0.00037972132364908856;1130.4;7.619612058003743;191.29999999999993;1.2289760112762451;191.3;1.1428724924723308;191.3;1.1450645128885906;191.3;1.1544919808705647;191.3;1.188207467397054;191.3;1.1695197423299153;191.3;14.59308091799418;216.80000000000007;10.709355990091959;191.30000000000035;0.1477517286936442;216.79999999999998;0.07673438390096028;221.40000000000006
n25;C201.txt;25;71.59590554237366;72.29194823900859;214.6999999999998;G1_Neigh1_Insertion;214.6999999999998;0.02843332290649414;214.6999999999998;0.00022514661153157553;610.8;0.00012723604838053385;610.8;0.03543957074483236;214.70000000000024;1.9470850626627605e-05;1273.0;0.00010053316752115886;1273.0;3.5794511636098227;214.6999999999998;3.6787161032358804;214.70000000000024;0.0010272661844889324;610.8;0.00038305918375651043;1273.0;13.091993967692057;214.69999999999982;1.1000362237294514;214.6999999999998;1.2055554389953613;214.7;1.1987950801849365;214.7;1.2273586591084797;214.7;1.1116046110788982;214.7;1.0175819396972656;214.7;22.085541168848675;214.6999999999998;22.583475828170776;214.70000000000024;0.17740448315938315;214.6999999999998;0.16865007082621256;214.69999999999996
n25;C204.txt;25;135.72350907325745;135.91961781183878;213.1;SA2_on_Neigh3;213.5666666666666;0.06094662348429362;264.9000000000003;0.002312898635864258;524.6999999999999;0.0020949840545654297;517.5999999999999;0.04705182711283366;259.49999999999943;2.0583470662434895e-05;1273.0;0.00010085105895996094;1273.0;12.49965755144755;214.49999999999991;11.14651362101237;214.49999999999955;0.0009948412577311199;544.1;0.0003807544708251953;1273.0;26.361066102981567;214.49999999999986;4.87505300839742;213.1;6.513520161310832;214.5;6.411088466644287;214.5;4.531536897023519;214.5;5.263414144515991;213.1;7.096427758534749;213.1;26.707876682281494;214.50000000000034;22.577234665552776;259.49999999999943;1.3520742257436116;214.49999999999994;0.47022302945454914;214.49999999999991
n25;C208.txt;25;87.8460464477539;89.79400690396626;214.49999999999983;Memetic_Algorithm;214.49999999999991;0.020292202631632488;224.6000000000001;0.001413901646931966;297.40000000000003;0.0008563995361328125;296.20000000000005;0.05126579602559408;227.29999999999959;1.994768778483073e-05;1273.0;9.822845458984375e-05;1273.0;5.825030326843262;214.49999999999991;5.982073465983073;214.49999999999991;0.0010162194569905598;305.3;0.00038059552510579425;1273.0;15.873891750971476;214.49999999999983;2.2831881046295166;214.5;2.4711718559265137;214.5;2.3009215195973716;214.5;2.342050790786743;214.5;2.51080330212911;214.5;2.4797373612721763;214.5;22.775791088740032;224.6000000000001;24.280166308085125;214.69999999999962;0.3220251401265462;214.49999999999997;0.27178748448689777;214.49999999999997
n25;R101.txt;25;30.536487102508545;30.713803211847942;617.0999999999998;Memetic_Algorithm;617.0999999999999;0.007291555404663086;650.5;8.463859558105469e-05;945.9;8.749961853027344e-05;945.9;0.008901755015055338;640.6999999999996;1.9073486328125e-05;1244.6;9.83874003092448e-05;1244.6;1.6639678478240967;617.0999999999999;1.674963156382243;617.1;0.0009165604909261068;945.9;0.0003837744394938151;1244.6;4.915226141611735;617.0999999999998;0.7500189145406088;626.6;0.7970303694407145;626.6;0.7497882048288981;626.6;0.7739496231079102;626.6;0.7924225330352783;625.9;0.7512032985687256;640.7;9.02708101272583;650.5;8.676757574081421;633.9999999999997;0.06482799847920735;650.5;0.05875857671101888;640.6999999999996
n25;R104.txt;25;45.80819869041443;46.35887408256531;416.8999999999997;GRASP_G1;416.8999999999998;0.019704739252726238;439.90000000000003;0.0006356239318847656;692.5999999999999;0.0002090930938720703;693.0999999999999;0.021857261657714844;517.9999999999993;1.9629796346028645e-05;1244.6;0.00010077158610026042;1244.6;3.2028188705444336;416.8999999999997;2.8991569677988687;416.8999999999999;0.0009063084920247396;693.0999999999999;0.0003859202067057292;1244.6;7.616915225982666;416.89999999999986;1.7076940536499023;416.9;1.6845467885335286;435.99999999999994;1.5703860918680828;423.4;1.6726539134979248;430.79999999999995;1.865010102589925;435.7;1.6808146635691326;422.5;10.98487933476766;436.0;11.169078747431437;435.9999999999993;0.1580955982208252;435.99999999999994;0.10297664006551106;479.79999999999995
n25;R108.txt;25;53.2551052570343;53.53830107053121;397.29999999999956;GRASP_G2;397.2999999999997;0.024231354395548504;446.2000000000003;0.0006956259409586588;644.3;0.00024517377217610675;644.8;0.025121609369913738;455.5999999999996;2.010663350423177e-05;1244.6;0.00010331471761067708;1244.6;3.420386870702108;397.2999999999999;3.183074633280436;397.29999999999956;0.0008440812428792318;644.8;0.0003886222839355469;1244.6;7.846102158228557;397.2999999999997;1.9251500765482585;397.29999999999995;1.729795773824056;397.3;1.9255780378977458;397.3;1.7414164543151855;397.29999999999995;1.8500155607859294;408.79999999999995;1.8229215145111084;397.29999999999995;13.404634237289429;425.20000000000016;14.270696719487509;407.7999999999996;0.2371858755747477;433.99999999999994;0.1296678384145101;455.5999999999996
n25;R201.txt;25;53.337440967559814;55.74165550867716;463.2999999999998;GRASP_G2;463.2999999999999;0.019618431727091473;493.39999999999975;0.00023094813028971353;736.5999999999999;0.0002559820810953776;722.8999999999999;0.020194212595621746;493.0999999999999;1.9709269205729168e-05;1244.6;9.870529174804688e-05;1244.6;4.530035416285197;463.29999999999995;6.417241255442302;463.2999999999998;0.0006925264994303385;736.5999999999999;0.000392913818359375;1244.6;7.15823761622111;463.29999999999984;1.2192946275075276;463.3;1.1342204411824544;504.69999999999993;1.190130392710368;463.29999999999995;1.2621812025705974;486.70000000000005;1.1911340554555256;477.2;1.1619194348653157;477.1;14.080261389414469;466.49999999999966;16.110689481099445;473.4000000000001;0.14963054656982422;493.39999999999975;0.09514729181925456;493.09999999999985
n25;R204.txt;25;111.72806215286255;114.1055432955424;355.4;SA1_on_Neigh1;356.7999999999999;0.040147622426350914;419.9000000000001;0.0021323362986246743;570.9000000000001;0.000884850819905599;593.4000000000001;0.04529635111490885;429.5999999999998;2.0186106363932293e-05;1244.6;9.80695088704427e-05;1244.6;9.629095951716105;357.4999999999998;14.71328059832255;357.50000000000034;0.0010625521341959636;594.6;0.0003848075866699219;1244.6;20.192740201950073;357.4999999999999;4.974578698476155;355.4;4.942569017410278;357.5;4.501355330149333;355.4;4.900605996449788;364.9;5.010136127471924;362.4;5.893630345662435;358.4;22.846657673517864;379.5000000000001;15.259001016616821;384.6999999999998;0.6752840677897135;392.99999999999994;0.47655471165974933;373.4999999999999
n25;R208.txt;25;132.61115026474;135.03716127077737;328.19999999999993;VNS_G2;328.19999999999993;0.04515369733174642;397.2999999999997;0.00492397944132487;489.5;0.0014448960622151692;505.7;0.05542834599812826;432.3000000000003;2.7497609456380207e-05;1244.6;0.00010514259338378906;1244.6;13.102212111155191;334.59999999999985;12.757197062174479;334.60000000000014;0.0007016658782958984;506.9;0.00039649009704589844;1244.6;31.126960515975952;328.19999999999993;5.280410448710124;328.2;6.971461693445842;328.2;6.117552995681763;328.2;5.405506372451782;328.2;6.551303307215373;328.2;6.382130861282349;328.2;24.128453811009724;386.4999999999998;15.274027506510416;432.3000000000003;0.4556455612182617;381.2999999999999;1.3760900497436523;328.19999999999993
n25;RC101.txt;25;41.803497076034546;43.21780387560526;461.0999999999999;Memetic_Algorithm;461.5666666666666;0.01425623893737793;677.4000000000001;0.00019462903340657553;944.5;0.00022101402282714844;938.9;0.019353071848551433;544.3000000000003;2.7497609456380207e-05;1884.4;0.00012334187825520834;1884.4;4.0607508818308515;475.8000000000002;4.173376242319743;475.79999999999984;0.0007274150848388672;944.5;0.00041357676188151043;1884.4;7.176915645599365;461.0999999999999;0.8703533013661703;528.7;0.9118057092030843;475.8;0.924126386642456;533.8;0.9581608772277832;484.19999999999993;0.9886627991994222;475.79999999999995;1.008036772410075;529.4;10.470378478368124;528.7000000000003;11.469129800796509;544.3000000000003;0.08406448364257812;598.5000000000001;0.0867014726003011;528.6999999999999
n25;RC104.txt;25;60.04349446296692;61.14219601949056;306.59999999999974;GRASP_G2;306.5999999999998;0.04020468393961588;361.00000000000017;0.0014808177947998047;580.3999999999999;0.0010390281677246094;580.4;0.04315574963887533;436.69999999999976;3.647804260253906e-05;1884.4;0.0001239776611328125;1884.4;5.963713804880778;309.4;5.895582993825276;306.59999999999974;0.0007346471150716146;582.0999999999999;0.0004628499348958333;1884.4;9.11646302541097;306.5999999999999;1.4911398887634277;306.6;1.8245675563812256;306.6;1.5102396806081135;360.99999999999994;1.4674155712127686;306.59999999999997;1.555607795715332;306.59999999999997;1.4164539178212483;306.59999999999997;15.174383958180746;317.4999999999999;15.277982552846273;306.5999999999998;0.216931422551473;360.99999999999966;0.14445050557454428;367.99999999999994
n25;RC108.txt;25;59.855801582336426;60.90224822362264;294.4999999999999;GRASP_G1;294.49999999999994;0.03593754768371582;357.9999999999999;0.0021102428436279297;427.0;0.0017145474751790364;428.8;0.05851387977600098;423.1;3.0835469563802086e-05;1884.4;0.00010776519775390625;1884.4;4.661781946818034;294.4999999999999;4.66045339902242;294.4999999999999;0.0005122025807698568;439.79999999999995;0.0005320707956949869;1884.4;10.633109013239542;294.49999999999994;1.621003230412801;294.5;1.6677002906799316;294.8;1.8079591592152913;294.5;1.8353490829467773;294.5;1.6047954559326172;294.5;1.5437293847401936;294.8;15.358404636383057;295.39999999999895;14.995651721954346;294.50000000000006;0.2598710854848226;294.79999999999995;0.1529555320739746;356.2
n25;RC201.txt;25;50.48148250579834;53.09996271133423;360.19999999999993;Memetic_Algorithm;360.2;0.03972546259562174;449.7000000000001;0.000564416249593099;838.0999999999999;0.0010671615600585938;832.8999999999999;0.028459469477335613;536.1000000000001;2.3365020751953125e-05;1884.4;0.00010482470194498698;1884.4;5.239257574081421;361.19999999999993;5.145244359970093;360.2000000000003;0.0006105899810791016;838.0999999999999;0.0004260540008544922;1884.4;9.26044782002767;360.19999999999993;1.3400983015696208;360.20000000000005;1.3134596347808838;361.20000000000005;1.2762609322865803;361.20000000000005;1.2094028790791829;361.2;1.1237067381540935;361.20000000000005;1.2897061506907146;386.8;14.30637756983439;448.80000000000007;11.247401714324951;524.3000000000002;0.15911666552225748;449.6999999999999;0.11847718556722005;416.79999999999995
n25;RC204.txt;25;109.16765785217285;116.13025856018066;299.6999999999997;Memetic_Algorithm;299.69999999999976;0.051038106282552086;392.5999999999999;0.007150491078694661;485.0;0.003999233245849609;485.0;0.05767695109049479;434.7999999999999;3.552436828613281e-05;1884.4;0.00011444091796875;1884.4;14.482943534851074;299.6999999999999;13.741129716237387;300.2999999999999;0.0005410512288411459;486.7;0.00041214625040690106;1884.4;16.632341623306274;299.6999999999997;4.947095314661662;300.3;5.4743781089782715;300.3;5.2477186520894366;299.7;5.205498933792114;299.7;4.163431326548259;299.7;4.649774233500163;299.7;20.83222270011902;299.6999999999999;19.168774843215942;299.7000000000001;0.8424901167551676;299.6999999999998;0.6214634577433268;299.6999999999999
n25;RC208.txt;25;112.49121737480164;115.56666827201843;269.09999999999985;GRASP_G2;269.0999999999999;0.05568854014078776;301.70000000000005;0.0062592824300130205;370.9;0.00429685910542806;370.8999999999999;0.06079618136088053;423.1000000000001;3.3696492513020836e-05;1884.4;0.00012667973836263022;1884.4;9.337140639623007;269.0999999999999;9.142724514007568;269.09999999999985;0.0006730556488037109;380.4;0.00048724810282389325;1884.4;20.341782728830974;269.09999999999985;5.263505856196086;269.1;4.463913520177205;269.1;4.286437352498372;269.1;4.174081643422444;269.1;4.425985972086589;269.1;5.504475831985474;294.5;28.85828097661336;274.19999999999965;18.8067151705424;294.5000000000001;0.4567876656850179;294.4999999999999;0.3764506181081136;361.39999999999986
n50;C101.txt;50;94.72690796852112;96.03752565383911;362.39999999999895;GRASP_G1;362.39999999999947;0.034902095794677734;395.2000000000001;0.000595251719156901;810.3;0.0002727508544921875;810.3;0.08537014325459798;395.2000000000002;0.00027052561442057293;1347.0;0.00020654996236165365;1347.0;10.866350015004477;362.39999999999895;11.658964395523071;362.39999999999975;0.0021621386210123696;810.3;0.08023007710774739;1347.0;15.559148470560709;362.39999999999986;1.5559319655100505;395.2;1.6050175825754802;395.2;1.66995636622111;395.2;1.5208790302276611;395.2;1.694585959116618;395.2;1.7000494798024495;395.2;23.948073784510296;395.2000000000001;23.607585668563843;395.2000000000002;0.2239654858907064;395.19999999999993;0.2229797045389811;395.19999999999993
n50;C104.txt;50;216.74061489105225;219.0402549902598;357.9999999999999;Memetic_Algorithm;360.2666666666665;0.06636444727579753;497.7999999999997;0.009047746658325195;588.9;0.005542834599812825;588.8999999999999;0.18489464124043783;398.4999999999995;0.00038615862528483075;1345.4;0.0003326733907063802;1345.4;46.80706532796224;364.8000000000006;38.028854290644325;361.3999999999999;0.0020409425099690757;600.1999999999999;0.1341252326965332;1345.4;25.815117597579956;357.9999999999999;6.78949515024821;365.20000000000005;6.49343736966451;368.90000000000003;7.194922208786011;361.4;7.100842555363973;394.7;6.963548342386882;361.4;6.709811290105184;363.8;37.16483163833618;495.8999999999998;28.202255407969158;394.69999999999953;0.7462214628855387;425.1999999999999;0.6210849285125732;394.09999999999997
n50;C108.txt;50;112.6599326133728;118.67117476463318;362.3999999999994;GRASP_G2;362.39999999999964;0.051344871520996094;395.99999999999994;0.0007296403249104818;874.0;0.001075426737467448;872.9;0.08478148778279622;500.5000000000003;0.00034999847412109375;1346.9;0.0003089110056559245;1346.9;18.620062748591106;392.4;18.73619294166565;362.3999999999994;0.001592079798380534;874.0;0.09160677591959636;1346.9;18.07295568784078;362.39999999999986;2.1652417182922363;395.99999999999994;2.1488566398620605;396.0;2.1856029828389487;396.0;2.180582125981649;459.4;2.084604581197103;462.09999999999997;2.345745404561361;500.49999999999994;25.333300749460857;362.4;24.030680815378826;462.10000000000025;0.2602207660675049;395.2;0.27530662218729657;462.1000000000001
n50;C201.txt;50;255.9448857307434;261.71228130658466;360.1999999999998;GRASP_G1;360.1999999999999;0.1357123851776123;554.1999999999998;0.0020387967427571616;1077.6;0.0015541712443033855;1075.1;0.17138934135437012;486.8999999999995;0.0002886454264322917;1363.9;0.00020853678385416666;1363.9;32.9500523408254;360.1999999999998;49.39473946889242;360.2;0.001270294189453125;1077.6;0.08683125178019206;1363.9;61.174348751703896;360.19999999999993;2.3049515883127847;452.79999999999995;2.1426281929016113;579.0;2.5192097822825112;478.7;1.8654675483703613;486.8999999999995;2.213372230529785;403.09999999999997;2.673940658569336;407.1;60.00736323992411;433.5999999999997;43.19311865170797;486.8999999999995;0.5124827226003011;504.5;0.36128632227579754;486.8999999999995
n50;C204.txt;50;517.1467659473419;543.9121472835541;350.09999999999985;Memetic_Algorithm;353.1333333333332;0.35518860816955566;499.80000000000007;0.038512468338012695;798.1;0.03294785817464193;791.9000000000001;0.23446480433146158;547.0000000000005;0.0005458196004231771;1358.9;0.00044353802998860675;1358.9;60.20643631617228;370.1999999999997;60.17634733517965;377.19999999999993;0.0014540354410807292;819.9000000000001;0.1261103947957357;1358.9;130.34060653050742;350.09999999999985;21.89492956797282;369.0;47.1122313340505;362.1;28.23266291618347;377.3;22.793675899505615;363.1;26.0588804880778;427.6;28.485846122105915;375.5;60.009892304738365;490.3000000000003;50.59659433364868;544.5000000000007;3.5915981928507485;434.39999999999986;3.622748692830404;405.1999999999999
n50;C208.txt;50;293.09130930900574;309.5779577891032;350.4999999999998;Memetic_Algorithm;352.8333333333332;0.3301249345143636;422.30000000000007;0.007871230443318685;705.6999999999999;0.005331834157307942;701.0999999999999;0.30222511291503906;486.6;0.00042510032653808594;1359.2;0.0003253618876139323;1359.2;60.14672557512919;357.49999999999983;54.918464024861656;369.70000000000044;0.0015482107798258464;724.3999999999999;0.0864725112915039;1359.2;65.9708370367686;350.4999999999998;4.000900348027547;422.3;4.576538721720378;422.3;3.06022310256958;456.29999999999995;3.904709259668986;423.5;4.359166701634725;393.4;3.2690086364746094;537.3;60.01025684674581;421.20000000000005;42.426234006881714;486.6;1.6022249062856038;402.4999999999999;0.598315159479777;486.5999999999999
n50;R101.txt;50;74.43689203262329;76.34002312024434;1051.3999999999996;Memetic_Algorithm;1052.8666666666666;0.02964925765991211;1061.4000000000005;0.00023277600606282553;1484.4999999999998;0.0001685619354248047;1484.4999999999998;0.031506617863972984;1150.8999999999999;0.0001465479532877604;1469.1;0.00016164779663085938;1469.1;5.9628816445668535;1060.2000000000007;7.223857641220093;1053.5999999999997;0.0022238890329996743;1484.4999999999998;0.06588331858317058;1469.1;9.697819232940674;1051.3999999999996;1.319200833638509;1061.4;1.294455846150716;1071.2;1.3168381849924724;1061.4;1.3619685173034668;1150.8999999999999;1.4038976828257244;1469.1;1.3917992909749348;1150.9000000000003;22.171368837356567;1060.3000000000004;22.76970140139262;1109.7999999999997;0.14849249521891275;1061.3999999999999;0.14774139722188315;1150.8999999999999
n50;R104.txt;50;147.4377784729004;161.836447874705;631.1999999999999;Memetic_Algorithm;636.0999999999999;0.08094604810078938;774.4;0.0052340030670166016;1117.6999999999998;0.001892407735188802;1113.3;0.1564497152964274;769.2999999999997;0.00031367937723795575;1431.0;0.0002713203430175781;1431.0;27.212107340494793;644.6;26.627227465311687;643.4999999999994;0.0024905999501546225;1127.4;0.09389305114746094;1431.0;19.67725380261739;631.1999999999999;3.733297030131022;743.3;3.8381783962249756;651.9999999999999;3.5678675174713135;729.7;3.873898188273112;667.7;3.6778040726979575;671.2;3.331885735193888;665.1;33.39021968841553;670.3;31.531956990559895;697.3999999999999;0.5033984184265137;750.4999999999999;0.5298338731129965;719.8
n50;R108.txt;50;172.95435905456543;179.54435213406882;624.0999999999999;Memetic_Algorithm;626.4333333333334;0.09861938158671062;757.0;0.002489884694417318;959.3000000000001;0.0032841364542643228;940.5;0.17168307304382324;774.2999999999997;0.0003096262613932292;1431.0;0.0002930164337158203;1431.0;33.36432647705078;630.6999999999997;33.21244112650553;627.1000000000005;0.0011232693990071614;968.7;0.0950163205464681;1431.0;19.754543781280518;624.0999999999999;4.2301611105601;645.0999999999999;3.960846265157064;678.6999999999999;4.318910598754883;654.9;3.957789182662964;727.2;4.414493799209595;660.9;4.221056858698527;729.5000000000001;32.08499805132548;752.9000000000001;34.58730928103129;648.1999999999999;0.5660900274912516;756.9999999999999;0.4985377788543701;770.0
n50;R201.txt;50;155.37944507598877;158.72411251068115;802.8;Memetic_Algorithm;810.7666666666664;0.06867114702860515;880.3000000000006;0.0017611980438232422;1199.4;0.0016180674235026042;1198.6000000000001;0.06719334920247395;942.6999999999999;0.0001659393310546875;1451.0;0.00019121170043945312;1451.0;24.612770477930706;814.0999999999999;25.532683610916138;825.0000000000009;0.002003749211629232;1216.1000000000001;0.07912627855936687;1451.0;20.99165693918864;802.8;2.4885180791219077;839.8000000000001;2.2864057223002114;863.3;2.2379393577575684;862.3000000000001;2.0027477741241455;909.3;2.241245905558268;901.8;2.138784964879354;879.8000000000001;44.011010805765785;870.0000000000009;29.3047137260437;920.9;0.30376625061035156;880.3;0.35111165046691895;902.1999999999998
n50;R204.txt;50;449.417720079422;483.8353772163391;508.4999999999998;Memetic_Algorithm;509.16666666666646;0.1364413102467855;601.0;0.068084716796875;621.4999999999999;0.050762335459391274;623.9000000000001;0.2789307435353597;647.9;0.0003028710683186849;1431.5;0.00030231475830078125;1431.5;60.17998925844828;526.5000000000001;60.136173804601036;536.2000000000007;0.0023247400919596353;638.8;0.10569548606872559;1431.5;105.82918723424275;508.4999999999998;23.87015477816264;527.1;24.006747086842854;531.7;21.304360230763752;526.1999999999999;24.62885093688965;524.1;23.207451502482098;517.2;23.525457938512165;518.2;60.02188730239868;572.2;49.3708430926005;601.0;4.419219811757405;571.4;2.692178646723429;567.5999999999998
n50;R208.txt;50;614.7727658748627;641.2324588298798;491.2999999999998;Memetic_Algorithm;495.2999999999997;0.23329456647237143;625.1999999999998;0.07172465324401855;657.5999999999999;0.0753788948059082;656.8000000000001;0.3376923402150472;613.0999999999998;0.0003542900085449219;1431.5;0.0004069010416666667;1431.5;60.231583754221596;508.0;60.33710996309916;512.6000000000001;0.000934600830078125;671.8;0.11543591817220052;1431.5;153.69890205065408;491.2999999999998;33.191933711369835;529.1;37.06489133834839;505.8;35.82985472679138;526.3;35.625879208246864;502.79999999999995;45.61956445376078;507.8;46.08215125401815;522.8;60.029029766718544;571.4999999999997;60.01770043373108;550.4000000000012;10.448062260945639;525.0999999999998;2.220546325047811;561.3999999999996
n50;RC101.txt;50;86.0882339477539;91.62854099273682;961.3999999999997;Memetic_Algorithm;965.6666666666664;0.03792905807495117;1219.4;0.0003609657287597656;1631.8000000000002;0.0007244745890299479;1625.2000000000003;0.04768037796020508;1175.8000000000009;0.00026162465413411457;2055.6;0.00021807352701822916;2055.6;11.379785617192587;967.8999999999994;15.497172037760416;968.1999999999998;0.0019262631734212239;1631.8000000000002;0.07320539156595866;2055.6;12.287498474121094;961.3999999999997;1.4396663506825764;1219.3999999999999;1.550208568572998;1099.7;1.4259541034698486;1095.1;1.5115986665089924;1175.8000000000009;1.5411732991536458;1175.8000000000002;1.5456053415934246;1121.0;22.25741179784139;1090.1;20.67628272374471;979.7000000000007;0.18875797589619955;1219.4;0.16509278615315756;1175.8000000000002
n50;RC104.txt;50;162.3630940914154;176.9602440992991;546.5000000000001;GRASP_G2;549.9333333333334;0.1285282770792643;678.1999999999997;0.003155787785847982;1010.5;0.005603790283203125;1000.0999999999999;0.14802654584248862;686.7;0.0004100799560546875;2050.2;0.0003437995910644531;2050.2;29.752766211827595;547.8000000000003;42.815121253331505;546.5000000000001;0.001707633336385091;1011.9;0.11203734079996745;2050.2;21.458229700724285;555.4999999999998;2.6342269579569497;671.5;2.882503032684326;663.0999999999999;2.4865500132242837;663.0999999999999;2.4619579315185547;686.6999999999999;2.7113353411356607;680.0999999999999;2.9151950677235923;552.2;33.679919481277466;564.0999999999997;32.01549243927002;673.3000000000002;0.4111169974009196;678.1999999999997;0.3359893163045247;684.6999999999998
n50;RC108.txt;50;150.4388942718506;160.5009649594625;601.8999999999951;Tabu_G1;601.8999999999951;0.07085378964742024;791.0;0.0028721491495768228;943.3;0.004153331120808919;937.3999999999999;0.12308494249979655;714.0000000000001;0.0004477500915527344;2049.5;0.0003476142883300781;2049.5;31.227495114008587;605.0000000000008;27.184781074523926;604.5000000000001;0.0021152496337890625;944.5999999999999;0.10816844304402669;2049.5;19.275470733642578;603.1999999999999;2.7727373441060386;791.0;2.4030102094014487;715.0;2.384577433268229;776.6999999999999;2.4128877321879068;714.0;2.499786853790283;708.8000000000001;2.3431742191314697;630.9;33.0471305847168;601.8999999999951;33.82617505391439;610.7999999999995;0.3955423831939697;788.7;0.4161255359649658;681.4999999999999
n50;RC201.txt;50;170.0802800655365;184.9629024664561;684.7999999999997;Memetic_Algorithm;684.7999999999998;0.1951150894165039;913.8000000000006;0.0009778340657552083;1628.8000000000002;0.0019260247548421223;1614.8000000000002;0.08952887852986653;971.0;0.0002590020497639974;2055.6;0.00022880236307779947;2055.6;42.85699725151062;748.8999999999999;41.9200123945872;798.9999999999991;0.0012183984120686848;1628.8000000000002;0.0911259651184082;2055.6;20.201990683873493;684.7999999999997;2.0289179484049478;857.3999999999999;2.39011557896932;913.8;2.3503758112589517;961.2;2.124311606089274;971.0;2.2117327054341636;2055.6;2.1489126682281494;971.0;41.051141341527305;913.8000000000006;24.640247186024983;897.4;0.38432995478312176;905.0999999999999;0.2734120686848958;971.0
n50;RC204.txt;50;378.566401720047;388.2666218280792;444.1999999999999;Memetic_Algorithm;452.56666666666655;0.2121280034383138;606.2;0.012427091598510742;779.1;0.011478185653686523;781.8;0.28829296429951984;670.0000000000001;0.0004355907440185547;2050.2;0.0003501574198404948;2050.2;60.10223786036173;448.0000000000003;60.508784691492714;489.0999999999995;0.001655260721842448;784.0;0.11651833852132161;2050.2;71.33530688285828;444.1999999999999;14.640738328297934;529.3;16.906550804773968;519.9000000000001;14.43299158414205;592.9;12.735547224680582;448.3;14.26775590578715;508.70000000000005;15.561364332834879;506.8;60.014580488204956;603.5;44.36555528640747;522.9000000000002;1.524463176727295;555.3;1.2274331251780193;663.8
n50;RC208.txt;50;320.84007477760315;322.6707661151886;490.59999999999957;Memetic_Algorithm;496.1333333333332;0.24609740575154623;579.2000000000002;0.019688765207926433;716.5999999999999;0.012424468994140625;711.0000000000001;0.25291840235392254;588.4000000000003;0.00047548611958821613;2049.5;0.000394741694132487;2049.5;60.19491680463155;497.5;60.12549297014872;497.1;0.0016342798868815105;717.3;0.12132636706034343;2049.5;48.567267258962;490.59999999999957;9.24610416094462;507.0;9.055176655451456;516.0;7.999540011088054;579.2;6.467699686686198;525.8;7.262645165125529;493.1;8.620163917541504;520.1;60.014395554860435;545.3000000000002;40.927336851755776;588.4000000000003;2.3346760272979736;515.9999999999998;1.2003628412882488;517.6999999999998
